Day,Topic,Caption,Hashtags
1,Daily Mindfulness Practices,ğŸ’ª Daily Mindfulness Practices isn't just a tip - it's your pathway to mental health for gen z success! Let's go! ğŸš€,#MentalHealthforGenZ #SelfCare #Mindfulness #Progress #Motivation
2,Stress Management Techniques,ğŸ¯ Focus Friday: Stress Management Techniques. Because consistency in mental health for gen z creates magic! âœ¨,#MentalHealthforGenZ #WellnessWednesday #MentalWellness #Inspiration #Motivation
3,Anxiety Coping Strategies,"ğŸŒŸ Today's spotlight: Anxiety Coping Strategies. Small steps, big results in your mental health for gen z journey! âœ¨",#MentalHealthforGenZ #SelfLove #SelfCare #Community #Inspiration
4,Self-Care Sunday Ideas,ğŸ‰ Celebrating progress with Self-Care Sunday Ideas! Every step counts in your mental health for gen z story ğŸ“ˆ,#MentalHealthforGenZ #SelfCareSundayIdeas #Mindfulness #WellnessWednesday #Progress
5,Meditation for Beginners,"ğŸŒŸ Today's spotlight: Meditation for Beginners. Small steps, big results in your mental health for gen z journey! âœ¨",#MentalHealthforGenZ #SelfCare #WellnessWednesday #Growth #Community
6,Journaling Prompts,âœ¨ Transform your routine with Journaling Prompts! Your future self will thank you ğŸ™ #MentalHealthforGenZ,#MentalHealthforGenZ #JournalingPrompts #Mindfulness #SelfCare #Success
7,Breathing Exercises,âœ¨ Transform your routine with Breathing Exercises! Your future self will thank you ğŸ™ #MentalHealthforGenZ,#MentalHealthforGenZ #BreathingExercises #SelfLove #MentalHealthMatters #Motivation
8,Digital Detox Tips,âœ¨ Transform your routine with Digital Detox Tips! Your future self will thank you ğŸ™ #MentalHealthforGenZ,#MentalHealthforGenZ #DigitalDetoxTips #MentalWellness #MentalHealthMatters #Inspiration
9,Positive Affirmations,ğŸ”¥ Positive Affirmations - the secret sauce to crushing your mental health for gen z goals! Who's ready to try this? ğŸ’ª,#MentalHealthforGenZ #PositiveAffirmations #MentalHealthMatters #Mindfulness #Progress
10,Sleep Hygiene Habits,ğŸ‰ Celebrating progress with Sleep Hygiene Habits! Every step counts in your mental health for gen z story ğŸ“ˆ,#MentalHealthforGenZ #SleepHygieneHabits #SelfCare #Mindfulness #Community
11,Gratitude Practice,ğŸŒˆ Brighten your day with Gratitude Practice! Making mental health for gen z fun and sustainable ğŸ˜Š,#MentalHealthforGenZ #GratitudePractice #SelfCare #MentalHealthMatters #Progress
12,Boundary Setting,ğŸ‰ Celebrating progress with Boundary Setting! Every step counts in your mental health for gen z story ğŸ“ˆ,#MentalHealthforGenZ #BoundarySetting #WellnessWednesday #MentalWellness #Community
13,Emotional Regulation,ğŸ’ª Emotional Regulation isn't just a tip - it's your pathway to mental health for gen z success! Let's go! ğŸš€,#MentalHealthforGenZ #EmotionalRegulation #MentalHealthMatters #SelfCare #Community
14,Mindful Eating,ğŸ’¡ Mindful Eating: Your mental health for gen z game-changer! Ready to level up? Let's dive in! ğŸš€,#MentalHealthforGenZ #MindfulEating #WellnessWednesday #MentalWellness #Goals
15,Nature Therapy Benefits,"ğŸŒŸ Today's spotlight: Nature Therapy Benefits. Small steps, big results in your mental health for gen z journey! âœ¨",#MentalHealthforGenZ #SelfCare #SelfLove #Success #Community
16,Social Connection Tips,"ğŸŒŸ Today's spotlight: Social Connection Tips. Small steps, big results in your mental health for gen z journey! âœ¨",#MentalHealthforGenZ #SocialConnectionTips #Mindfulness #SelfLove #Inspiration
17,Creative Expression,ğŸ’ª Creative Expression isn't just a tip - it's your pathway to mental health for gen z success! Let's go! ğŸš€,#MentalHealthforGenZ #CreativeExpression #SelfLove #SelfCare #Progress
18,Time Management,"ğŸŒŸ Today's spotlight: Time Management. Small steps, big results in your mental health for gen z journey! âœ¨",#MentalHealthforGenZ #TimeManagement #MentalHealthMatters #SelfLove #Community
19,Perfectionism Recovery,ğŸŒ± Growing stronger every day with Perfectionism Recovery. Your mental health for gen z journey matters! ğŸ’š,#MentalHealthforGenZ #SelfLove #WellnessWednesday #Progress #Inspiration
20,Self-Compassion Exercises,âœ¨ Transform your routine with Self-Compassion Exercises! Your future self will thank you ğŸ™ #MentalHealthforGenZ,#MentalHealthforGenZ #SelfLove #MentalWellness #Success #Growth
21,Mindful Communication,â­ Pro tip: Mindful Communication is your secret weapon for mental health for gen z success! Ready to shine? âœ¨,#MentalHealthforGenZ #MindfulCommunication #MentalWellness #SelfCare #Progress
22,Workplace Wellness,ğŸ’¡ Workplace Wellness: Your mental health for gen z game-changer! Ready to level up? Let's dive in! ğŸš€,#MentalHealthforGenZ #WorkplaceWellness #SelfLove #Mindfulness #Tips
23,Seasonal Affective Disorder,"ğŸ§  Smart strategy: Seasonal Affective Disorder. Work smarter, not harder in your mental health for gen z journey! ğŸ’¡",#MentalHealthforGenZ #SelfCare #MentalWellness #Motivation #Goals
24,Therapy Benefits,"ğŸ§  Smart strategy: Therapy Benefits. Work smarter, not harder in your mental health for gen z journey! ğŸ’¡",#MentalHealthforGenZ #TherapyBenefits #SelfLove #Mindfulness #Motivation
25,Mental Health Myths,ğŸ”¥ Mental Health Myths - the secret sauce to crushing your mental health for gen z goals! Who's ready to try this? ğŸ’ª,#MentalHealthforGenZ #MentalHealthMyths #SelfCare #SelfLove #Goals
26,Crisis Resources,"ğŸ§  Smart strategy: Crisis Resources. Work smarter, not harder in your mental health for gen z journey! ğŸ’¡",#MentalHealthforGenZ #CrisisResources #MentalHealthMatters #SelfCare #Progress
27,Support System Building,"ğŸ§  Smart strategy: Support System Building. Work smarter, not harder in your mental health for gen z journey! ğŸ’¡",#MentalHealthforGenZ #SelfLove #MentalWellness #Growth #Tips
28,Mindful Movement,ğŸ¯ Focus Friday: Mindful Movement. Because consistency in mental health for gen z creates magic! âœ¨,#MentalHealthforGenZ #MindfulMovement #MentalWellness #MentalHealthMatters #Tips
29,Cognitive Behavioral Techniques,"âš¡ Power up your mental health for gen z with Cognitive Behavioral Techniques! Simple changes, powerful results ğŸ”¥",#MentalHealthforGenZ #MentalWellness #SelfCare #Inspiration #Goals
30,Mental Health First Aid,ğŸ‰ Celebrating progress with Mental Health First Aid! Every step counts in your mental health for gen z story ğŸ“ˆ,#MentalHealthforGenZ #MentalHealthFirstAid #WellnessWednesday #SelfCare #Tips
